1775111996|ISSUE_BOOK|Book 1001 issued to member ZXPN
1775111979|RETURN_BOOK|Book 1001 returned by member ZXPN
1775111651|ISSUE_BOOK|Book 1001 issued to member ZXPN
1775111090|DELETE_MEMBER|Deleted member with phone: 9999888877
1775111000|DELETE_MEMBER|Deleted member with phone: 9999777766
1775110658|ADD_MEMBER|Added member: Rahul Kumar
1775109904|ADD_MEMBER|Added member: muskan
1775109673|ADD_MEMBER|Added member: Satya Prakash
1775107924|ADD_BOOK|Added book: American Psycho
1775107923|ADD_BOOK|Added book: A Clockwork Orange
1775107923|ADD_BOOK|Added book: Slaughterhouse-Five
1775107923|ADD_BOOK|Added book: The Martian
1775107923|ADD_BOOK|Added book: One Hundred Years of Solitude
1775107923|ADD_BOOK|Added book: Beloved
1775107923|ADD_BOOK|Added book: Madame Bovary
1775107923|ADD_BOOK|Added book: Crime and Punishment
1775107923|ADD_BOOK|Added book: Man's Search for Meaning
1775107923|ADD_BOOK|Added book: The Man Who Mistook His Wife for a Hat
1775107923|ADD_BOOK|Added book: Start with Why
1775107923|ADD_BOOK|Added book: The Lean Startup
1775107923|ADD_BOOK|Added book: Educated
1775107923|ADD_BOOK|Added book: The 7 Habits of Highly Effective People
1775107923|ADD_BOOK|Added book: Heidi
1775107922|ADD_BOOK|Added book: Anne of Green Gables
1775107922|ADD_BOOK|Added book: The Swiss Family Robinson
1775107922|ADD_BOOK|Added book: Little Women
1775107922|ADD_BOOK|Added book: The Pickwick Papers
1775107922|ADD_BOOK|Added book: Ivanhoe
1775107922|ADD_BOOK|Added book: The Strange Case of Dr. Jekyll and Mr. Hyde
1775107922|ADD_BOOK|Added book: Treasure Island
1775107922|ADD_BOOK|Added book: Gulliver's Travels
1775107922|ADD_BOOK|Added book: Don Quixote
1775107922|ADD_BOOK|Added book: The Iliad
1775107922|ADD_BOOK|Added book: A Study in Scarlet
1775107922|ADD_BOOK|Added book: Through the Looking-Glass
1775107922|ADD_BOOK|Added book: The Picture of Dorian Gray
1775107922|ADD_BOOK|Added book: Frankenstein
1775107922|ADD_BOOK|Added book: The Hunchback of Notre-Dame
1775107922|ADD_BOOK|Added book: Wuthering Heights
1775107922|ADD_BOOK|Added book: Great Expectations
1775107921|ADD_BOOK|Added book: A Tale of Two Cities
1775107921|ADD_BOOK|Added book: The Three Musketeers
1775107921|ADD_BOOK|Added book: Journey to the Center of the Earth
1775107921|ADD_BOOK|Added book: The Time Machine
1775107921|ADD_BOOK|Added book: I, Robot
1775107921|ADD_BOOK|Added book: Dune
1775107921|ADD_BOOK|Added book: Harry Potter and the Deathly Hallows
1775107921|ADD_BOOK|Added book: Harry Potter and the Order of the Phoenix
1775107921|ADD_BOOK|Added book: Harry Potter and the Prisoner of Azkaban
1775107921|ADD_BOOK|Added book: Harry Potter and the Sorcerer's Stone
1775107921|ADD_BOOK|Added book: The Hobbit
1775107921|ADD_BOOK|Added book: Moby Dick
1775107921|ADD_BOOK|Added book: The Great Gatsby
1775107921|ADD_BOOK|Added book: 1984
1775107921|ADD_BOOK|Added book: To Kill a Mockingbird
1775107921|ADD_BOOK|Added book: Pride and Prejudice
1775107921|ADD_BOOK|Added book: The Catcher in the Rye
1775107921|ADD_BOOK|Added book: War and Peace
1775107921|ADD_BOOK|Added book: The Lord of the Rings
1775107921|ADD_BOOK|Added book: Harry Potter and the Chamber of Secrets
1775107921|ADD_BOOK|Added book: Harry Potter and the Goblet of Fire
1775107921|ADD_BOOK|Added book: Harry Potter and the Half-Blood Prince
1775107921|ADD_BOOK|Added book: The Chronicles of Narnia: The Lion, the Witch and the Wardrobe
1775107921|ADD_BOOK|Added book: Foundation
1775107921|ADD_BOOK|Added book: Brave New World
1775107921|ADD_BOOK|Added book: Twenty Thousand Leagues Under the Sea
1775107921|ADD_BOOK|Added book: Around the World in Eighty Days
1775107921|ADD_BOOK|Added book: The Count of Monte Cristo
1775107922|ADD_BOOK|Added book: Oliver Twist
1775107922|ADD_BOOK|Added book: Jane Eyre
1775107922|ADD_BOOK|Added book: The Scarlet Letter
1775107922|ADD_BOOK|Added book: Les Misérables
1775107922|ADD_BOOK|Added book: Dracula
1775107922|ADD_BOOK|Added book: Alice's Adventures in Wonderland
1775107922|ADD_BOOK|Added book: The Adventures of Sherlock Holmes
1775107922|ADD_BOOK|Added book: The Odyssey
1775107922|ADD_BOOK|Added book: Beowulf
1775107922|ADD_BOOK|Added book: Robinson Crusoe
1775107922|ADD_BOOK|Added book: The Invisible Man
1775107922|ADD_BOOK|Added book: Dr. Jekyll and Mr. Hyde
1775107922|ADD_BOOK|Added book: Robinson Crusoe
1775107922|ADD_BOOK|Added book: A Christmas Carol
1775107922|ADD_BOOK|Added book: Bleak House
1775107922|ADD_BOOK|Added book: Jo's Boys
1775107922|ADD_BOOK|Added book: Black Beauty
1775107922|ADD_BOOK|Added book: The Secret Garden
1775107923|ADD_BOOK|Added book: The Boy Who Harnessed the Wind
1775107923|ADD_BOOK|Added book: Thinking, Fast and Slow
1775107923|ADD_BOOK|Added book: Atomic Habits
1775107923|ADD_BOOK|Added book: Good to Great
1775107923|ADD_BOOK|Added book: Deep Work
1775107923|ADD_BOOK|Added book: Mindset
1775107923|ADD_BOOK|Added book: The Brothers Karamazov
1775107923|ADD_BOOK|Added book: Anna Karenina
1775107923|ADD_BOOK|Added book: The Stranger
1775107923|ADD_BOOK|Added book: The Handmaid's Tale
1775107923|ADD_BOOK|Added book: The Marvelous Adventures of Catullus Kelly
1775107923|ADD_BOOK|Added book: Catch-22
1775107923|ADD_BOOK|Added book: The Bell Jar
1775107924|ADD_BOOK|Added book: Lolita
1775107924|ADD_BOOK|Added book: Fight Club
1775109858|DELETE_MEMBER|Deleted member with phone: 9876543210
1775110656|ADD_MEMBER|Added member: Satya Prakash
1775110660|ADD_MEMBER|Added member: Priya Singh
1775111088|DELETE_MEMBER|Deleted member with phone: 9999666655
1775111116|ADD_MEMBER|Added member: satyam
1775111725|ISSUE_BOOK|Book 1001 issued to member ZXPN
1775111981|RETURN_BOOK|Book 1001 returned by member ZXPN
